{"created_at":"Thu May 31 22:30:36 +0000 2018","id":1002316441285201920,"id_str":"1002316441285201920","text":"RT @calleekstrom: Min systers pojkvän är diabetiker, och när han tog insulin skämtade jag om att det var heroin. Min syster blev jättearg o…","source":"<a href=\"http://twitter.com/download/iphone\" rel=\"nofollow\">Twitter for iPhone</a>","truncated":false,"in_reply_to_status_id":null,"in_reply_to_status_id_str":null,"in_reply_to_user_id":null,"in_reply_to_user_id_str":null,"in_reply_to_screen_name":null,"user":{"id":3320752631,"id_str":"3320752631","name":"sofia","screen_name":"sofiabremsjo","location":"Sverige","url":null,"description":"insta, snap : sofiabremsjo","translator_type":"none","protected":false,"verified":false,"followers_count":332,"friends_count":237,"listed_count":0,"favourites_count":104859,"statuses_count":28148,"created_at":"Fri Jun 12 11:15:02 +0000 2015","utc_offset":null,"time_zone":null,"geo_enabled":true,"lang":"sv","contributors_enabled":false,"is_translator":false,"profile_background_color":"C0DEED","profile_background_image_url":"http://abs.twimg.com/images/themes/theme1/bg.png","profile_background_image_url_https":"https://abs.twimg.com/images/themes/theme1/bg.png","profile_background_tile":false,"profile_link_color":"1DA1F2","profile_sidebar_border_color":"C0DEED","profile_sidebar_fill_color":"DDEEF6","profile_text_color":"333333","profile_use_background_image":true,"profile_image_url":"http://pbs.twimg.com/profile_images/1001187593722220546/gWCGGYyq_normal.jpg","profile_image_url_https":"https://pbs.twimg.com/profile_images/1001187593722220546/gWCGGYyq_normal.jpg","profile_banner_url":"https://pbs.twimg.com/profile_banners/3320752631/1527536699","default_profile":true,"default_profile_image":false,"following":null,"follow_request_sent":null,"notifications":null},"geo":null,"coordinates":null,"place":null,"contributors":null,"retweeted_status":{"created_at":"Sun May 27 16:37:56 +0000 2018","id":1000778138492833792,"id_str":"1000778138492833792","text":"Min systers pojkvän är diabetiker, och när han tog insulin skämtade jag om att det var heroin. Min syster blev jätt… https://t.co/Y6EbbLPMh0","source":"<a href=\"http://twitter.com/download/iphone\" rel=\"nofollow\">Twitter for iPhone</a>","truncated":true,"in_reply_to_status_id":null,"in_reply_to_status_id_str":null,"in_reply_to_user_id":null,"in_reply_to_user_id_str":null,"in_reply_to_screen_name":null,"user":{"id":563084129,"id_str":"563084129","name":"Calle Ekström","screen_name":"calleekstrom","location":"Gotland, Sverige","url":null,"description":"jag är rolig egentligen","translator_type":"none","protected":false,"verified":false,"followers_count":2276,"friends_count":94,"listed_count":4,"favourites_count":4129,"statuses_count":7077,"created_at":"Wed Apr 25 18:16:20 +0000 2012","utc_offset":null,"time_zone":null,"geo_enabled":true,"lang":"sv","contributors_enabled":false,"is_translator":false,"profile_background_color":"42484A","profile_background_image_url":"http://abs.twimg.com/images/themes/theme4/bg.gif","profile_background_image_url_https":"https://abs.twimg.com/images/themes/theme4/bg.gif","profile_background_tile":false,"profile_link_color":"17D443","profile_sidebar_border_color":"5ED4DC","profile_sidebar_fill_color":"95E8EC","profile_text_color":"3C3940","profile_use_background_image":true,"profile_image_url":"http://pbs.twimg.com/profile_images/750340675292557314/s5bq2NTw_normal.jpg","profile_image_url_https":"https://pbs.twimg.com/profile_images/750340675292557314/s5bq2NTw_normal.jpg","profile_banner_url":"https://pbs.twimg.com/profile_banners/563084129/1491161413","default_profile":false,"default_profile_image":false,"following":null,"follow_request_sent":null,"notifications":null},"geo":null,"coordinates":null,"place":null,"contributors":null,"is_quote_status":false,"extended_tweet":{"full_text":"Min systers pojkvän är diabetiker, och när han tog insulin skämtade jag om att det var heroin. Min syster blev jättearg och väste ”han behöver faktiskt heroin för att överleva”","display_text_range":[0,176],"entities":{"hashtags":[],"urls":[],"user_mentions":[],"symbols":[]}},"quote_count":0,"reply_count":0,"retweet_count":12,"favorite_count":255,"entities":{"hashtags":[],"urls":[{"url":"https://t.co/Y6EbbLPMh0","expanded_url":"https://twitter.com/i/web/status/1000778138492833792","display_url":"twitter.com/i/web/status/1…","indices":[117,140]}],"user_mentions":[],"symbols":[]},"favorited":false,"retweeted":false,"filter_level":"low","lang":"sv"},"is_quote_status":false,"quote_count":0,"reply_count":0,"retweet_count":0,"favorite_count":0,"entities":{"hashtags":[],"urls":[],"user_mentions":[{"screen_name":"calleekstrom","name":"Calle Ekström","id":563084129,"id_str":"563084129","indices":[3,16]}],"symbols":[]},"favorited":false,"retweeted":false,"filter_level":"low","lang":"sv","timestamp_ms":"1527805836398"}
